hotspot_id,latitude,longitude,rainfall,elevation,drain_capacity,flood_risk_level,associated_ward,event
HS001,21.129,79.045,80,312.6,0.53,MEDIUM,N001,Sep 2023 flood; lake overflow
HS002,21.1458,79.0882,80,308.1,0.75,MEDIUM,N002,Sep 2023 flood; Jul 2025 underpass
HS003,21.143,79.085,80,309.5,0.31,HIGH,N003,Sep 2023 flood
HS004,21.144,79.087,80,305.0,0.31,HIGH,N004,Sep 2023 flood
HS005,21.138,79.07,80,307.8,0.39,HIGH,N005,Sep 2023 Nag river
HS006,21.096,79.064,80,310.4,0.52,MEDIUM,N006,Jul 2025 underpass
HS007,21.103,79.087,80,302.6,0.67,MEDIUM,N007,Jul 2025 underpass
HS008,21.1,79.065,80,314.0,0.5,MEDIUM,N008,Jul 2025 underpass
HS009,21.131,79.118,80,313.4,0.8,MEDIUM,N009,Jul 2025 underpass
HS010,21.175,79.125,80,315.0,0.5,MEDIUM,N010,Jul 2025 waist-deep water
HS011,21.125,79.06,80,313.0,0.42,MEDIUM,N011,Jul 2025 waterlogging
HS012,21.133,79.065,80,307.0,0.74,MEDIUM,N012,Jul 2025 waterlogging
HS013,21.115,79.07,80,312.3,0.46,MEDIUM,N013,Jul 2025 waterlogging
HS014,21.117,79.068,80,308.4,0.84,MEDIUM,N014,Jul 2025 waterlogging
HS015,21.118,79.101,80,311.3,0.64,MEDIUM,N015,Jul 2025 waterlogging
HS016,21.09,79.113,80,320.9,0.39,MEDIUM,N016,Jul 2025 waterlogging
