ward_id,ward_name,zone,latitude,longitude,rainfall,elevation,drain_capacity,population,drain_network,emergency_resources,readiness_score,river_dist_km,past_events,event_note,risk_level
N001,Ambazari,Dharampeth,21.129,79.045,80,312.6,0.53,77290,29,6,0.84,0.3,1,Sep 2023 flood; lake overflow,MEDIUM
N002,Sitabuldi,Dhantoli,21.1458,79.0882,80,308.1,0.75,51653,9,3,0.37,0.5,2,Sep 2023 flood; Jul 2025 underpass,MEDIUM
N003,Mor Bhavan,Dhantoli,21.143,79.085,80,309.5,0.31,47323,11,4,0.77,0.4,1,Sep 2023 flood,HIGH
N004,Variety Chowk,Dhantoli,21.144,79.087,80,305.0,0.31,75495,37,4,0.41,0.4,1,Sep 2023 flood,HIGH
N005,Panchsheel Square,Dharampeth,21.138,79.07,80,307.8,0.39,70735,20,1,0.59,0.2,1,Sep 2023 Nag river,HIGH
N006,Manish Nagar,Hanuman Nagar,21.096,79.064,80,310.4,0.52,78157,12,3,0.34,0.8,1,Jul 2025 underpass,MEDIUM
N007,Narendra Nagar,Hanuman Nagar,21.103,79.087,80,302.6,0.67,42976,37,7,0.34,0.9,1,Jul 2025 underpass,MEDIUM
N008,Somalwada,Dharampeth,21.1,79.065,80,314.0,0.5,81470,22,4,0.34,0.9,1,Jul 2025 underpass,MEDIUM
N009,Lakadganj,Lakadganj,21.131,79.118,80,313.4,0.8,39840,9,2,0.67,0.7,1,Jul 2025 underpass,MEDIUM
N010,New Narsala,Ashi Nagar,21.175,79.125,80,315.0,0.5,43896,25,3,0.9,1.5,1,Jul 2025 waist-deep water,MEDIUM
N011,Bajaj Nagar,Dharampeth,21.125,79.06,80,313.0,0.42,69902,9,5,0.52,0.6,1,Jul 2025 waterlogging,MEDIUM
N012,Shankar Nagar,Dharampeth,21.133,79.065,80,307.0,0.74,78445,25,3,0.32,0.5,1,Jul 2025 waterlogging,MEDIUM
N013,Khamla,Laxmi Nagar,21.115,79.07,80,312.3,0.46,33069,8,4,0.36,1.0,1,Jul 2025 waterlogging,MEDIUM
N014,Pratap Nagar,Laxmi Nagar,21.117,79.068,80,308.4,0.84,82313,6,5,0.31,1.0,1,Jul 2025 waterlogging,MEDIUM
N015,Medical Square,Lakadganj,21.118,79.101,80,311.3,0.64,33389,28,3,0.52,0.9,1,Jul 2025 waterlogging,MEDIUM
N016,Manewada,Hanuman Nagar,21.09,79.113,80,320.9,0.39,87566,39,5,0.69,1.4,1,Jul 2025 waterlogging,MEDIUM
N017,Dhantoli,Dhantoli,21.133,79.08,80,309.4,0.72,44921,19,7,0.36,0.9,0,,MEDIUM
N018,Civil Lines,Dhantoli,21.156,79.08,80,321.2,0.42,39240,35,3,0.43,1.8,0,,MEDIUM
N019,Sadar,Dhantoli,21.165,79.093,80,319.6,0.54,77025,12,6,0.51,2.0,0,,MEDIUM
N020,Mangalwari,Mangalwari,21.162,79.062,80,320.3,0.39,64266,32,2,0.68,1.6,0,,MEDIUM
N021,Itwari,Gandhibagh,21.15,79.113,80,312.4,0.64,74093,35,2,0.77,0.6,0,,MEDIUM
N022,Gandhibagh,Gandhibagh,21.149,79.105,80,306.8,0.55,43326,23,7,0.4,0.7,0,,MEDIUM
N023,Mahal,Gandhibagh,21.145,79.1,80,310.4,0.74,43637,25,2,0.8,0.6,0,,MEDIUM
N024,Sakkardara,Laxmi Nagar,21.116,79.125,80,315.9,0.37,25945,26,2,0.49,1.8,0,,MEDIUM
N025,Nandanvan,Satranjipura,21.125,79.12,80,316.1,0.63,21073,33,3,0.73,1.2,0,,MEDIUM
N026,Wardhaman Nagar,Satranjipura,21.133,79.13,80,316.7,0.59,60194,5,2,0.86,1.5,0,,MEDIUM
N027,Trimurti Nagar,Laxmi Nagar,21.105,79.05,80,316.5,0.6,65953,26,7,0.46,1.6,0,,MEDIUM
N028,Hingna Road,Nehru Nagar,21.1,79.0,80,325.4,0.71,49053,18,7,0.49,2.6,0,,LOW
N029,Wadi,Nehru Nagar,21.18,79.03,80,327.6,0.74,60803,8,7,0.33,2.8,0,,LOW
N030,Besa,Nehru Nagar,21.08,79.11,80,325.0,0.64,76161,6,7,0.45,2.4,0,,LOW
N031,Kamptee Road,Ashi Nagar,21.17,79.135,80,319.6,0.6,20983,18,5,0.71,1.9,0,,MEDIUM
N032,Pardi,Ashi Nagar,21.15,79.16,80,329.6,0.46,15698,22,6,0.57,2.7,0,,LOW
